{
  "urls": [
    "ch2.mp3",
    "ch2.ogg",
    "ch2.m4a"
  ],
  "sprite": {
    "silence": [
      0,
      1000,
      true
    ],
    "BetUp": [
      1050,
      422.8798185941043
    ],
    "InstantWin": [
      2100,
      1476.8253968253969
    ]
  }
}